{
    "markers": {
        "count": 6,
        "description": [
            {
                "ID": 0,
                "base": 0,
                "length": 914,
                "name": "no_truck_access"
            },
            {
                "ID": 1,
                "base": 914,
                "length": 618,
                "name": "campfire"
            },
            {
                "ID": 2,
                "base": 1532,
                "length": 519,
                "name": "sidewalk_kai"
            },
            {
                "ID": 3,
                "base": 2051,
                "length": 644,
                "name": "lift_the_ban_on_overtaking"
            },
            {
                "ID": 4,
                "base": 2695,
                "length": 108,
                "name": "transport_airport"
            },
            {
                "ID": 5,
                "base": 2803,
                "length": 254,
                "name": "T-cross"
            }
        ]
    },
    "palette_texture": {
        "height": 6,
        "name": "palette.png",
        "width": 16
    },
    "strip_texture": {
        "height": 64,
        "name": "strip.png",
        "width": 64
    }
}