{
    "area_masks": [
        "./flow/images/mask_100.png",
        "./flow/images/mask_101.png",
        "./flow/images/mask_102.png",
        "./flow/images/mask_103.png",
        "./flow/images/mask_104.png",
        "./flow/images/mask_105.png",
        "./flow/images/mask_106.png",
        "./flow/images/mask_107.png",
        "./flow/images/mask_108.png",
        "./flow/images/mask_109.png",
        "./flow/images/mask_110.png",
        "./flow/images/mask_111.png",
        "./flow/images/mask_112.png",
        "./flow/images/mask_113.png",
        "./flow/images/mask_114.png",
        "./flow/images/mask_115.png",
        "./flow/images/mask_116.png",
        "./flow/images/mask_117.png",
        "./flow/images/mask_118.png",
        "./flow/images/mask_119.png",
        "./flow/images/mask_120.png",
        "./flow/images/mask_121.png",
        "./flow/images/mask_122.png",
        "./flow/images/mask_123.png",
        "./flow/images/mask_124.png",
        "./flow/images/mask_125.png",
        "./flow/images/mask_126.png"
    ],
    "constraints": {
        "max_drop_rate": 0.1,
        "max_drop_rate_bump": 0.2,
        "max_segment_num": 64,
        "max_streamline_num": 262144,
        "max_texture_size": 4096
    },
    "flow_boundary": {
        "u_max": 2.1388,
        "u_min": -2.1176,
        "v_max": 2.0175,
        "v_min": -1.8627
    },
    "geo_bbox": [
        120.062456,32.090219, 
        121.896437,31.301738
    ], 
    "flow_fields": [
        "./flow/images/uv_100.png",
        "./flow/images/uv_101.png",
        "./flow/images/uv_102.png",
        "./flow/images/uv_103.png",
        "./flow/images/uv_104.png",
        "./flow/images/uv_105.png",
        "./flow/images/uv_106.png",
        "./flow/images/uv_107.png",
        "./flow/images/uv_108.png",
        "./flow/images/uv_109.png",
        "./flow/images/uv_110.png",
        "./flow/images/uv_111.png",
        "./flow/images/uv_112.png",
        "./flow/images/uv_113.png",
        "./flow/images/uv_114.png",
        "./flow/images/uv_115.png",
        "./flow/images/uv_116.png",
        "./flow/images/uv_117.png",
        "./flow/images/uv_118.png",
        "./flow/images/uv_119.png",
        "./flow/images/uv_120.png",
        "./flow/images/uv_121.png",
        "./flow/images/uv_122.png",
        "./flow/images/uv_123.png",
        "./flow/images/uv_124.png",
        "./flow/images/uv_125.png",
        "./flow/images/uv_126.png"
    ],
    "valid_address": [
        "./flow/images/valid_100.png",
        "./flow/images/valid_101.png",
        "./flow/images/valid_102.png",
        "./flow/images/valid_103.png",
        "./flow/images/valid_104.png",
        "./flow/images/valid_105.png",
        "./flow/images/valid_106.png",
        "./flow/images/valid_107.png",
        "./flow/images/valid_108.png",
        "./flow/images/valid_109.png",
        "./flow/images/valid_110.png",
        "./flow/images/valid_111.png",
        "./flow/images/valid_112.png",
        "./flow/images/valid_113.png",
        "./flow/images/valid_114.png",
        "./flow/images/valid_115.png",
        "./flow/images/valid_116.png",
        "./flow/images/valid_117.png",
        "./flow/images/valid_118.png",
        "./flow/images/valid_119.png",
        "./flow/images/valid_120.png",
        "./flow/images/valid_121.png",
        "./flow/images/valid_122.png",
        "./flow/images/valid_123.png",
        "./flow/images/valid_124.png",
        "./flow/images/valid_125.png",
        "./flow/images/valid_126.png"
    ]
}
